_id,category,name,description,image,hotcold[0],hotcold[1],sizes[0].size,sizes[1].size,sizes[0].price,sizes[1].price,hotcold
68813a7a8d06032e7c5c09a0,coffee,Espresso,"Strong and bold, classic espresso shot.",images/espresso.webp,Hot,Cold,Single,Double,120,140,
68813a7a8d06032e7c5c09a1,coffee,Cappuccino,Creamy and frothy with steamed milk foam.,images/cappuccino.png,Hot,Cold,Medium,Large,150,170,
68813a7a8d06032e7c5c09a2,coffee,Spanish Latte,Sweetened latte with creamy condensed milk.,images/spanish.jpg,Hot,Cold,Medium,Large,160,180,
68813a7a8d06032e7c5c09a3,coffee,Mocha,Chocolate-flavored coffee with whipped cream.,images/mochalatte.webp,Hot,Cold,Medium,Large,165,185,
68813a7a8d06032e7c5c09a4,noncoffee,Matcha Latte,Earthy green tea with steamed milk.,images/matchalatte.jpg,Hot,Cold,Medium,Large,160,180,
68813a7a8d06032e7c5c09a5,noncoffee,Classic Chocolate,Rich cocoa drink topped with marshmallows.,images/chocolate.jpg,Hot,Cold,Medium,Large,140,160,
68813a7a8d06032e7c5c09a6,noncoffee,Chai Latte,Spiced tea blend with steamed milk.,images/chailatte.jpg,Hot,Cold,Medium,Large,150,170,
68813a7a8d06032e7c5c09a7,colddrinks,Iced Latte,Chilled espresso and milk over ice.,images/icedlatte.jpg,Hot,Cold,Medium,Large,150,170,
68813a7a8d06032e7c5c09a8,colddrinks,Lemon Iced Tea,Refreshing citrus-flavored iced tea.,images/lemontea.jpg,Hot,Cold,Medium,Large,90,110,
68813a7a8d06032e7c5c09a9,colddrinks,Cookies & Cream Frappe,Cold and creamy with cookie bits.,images/cookiesandcream.jpg,Hot,Cold,Medium,Large,170,190,
68813a7a8d06032e7c5c09aa,colddrinks,Strawberry Milk,Sweet and fruity cold milk drink.,images/strawberrymilk.jpg,Hot,Cold,Regular,Large,130,150,
68813a7a8d06032e7c5c09ab,pastries,Butter Croissant,"Light, flaky, and buttery classic.",images/croissant.png,,,Regular,,70,,
68813a7a8d06032e7c5c09ac,pastries,Mini Cheesecake,Creamy and rich dessert slice.,images/minicheesecake.jpg,,,Regular,,90,,
68813a7a8d06032e7c5c09ad,pastries,Banana Bread,Moist and homemade taste.,images/bananabread.jpg,,,Regular,,60,,
68813a7a8d06032e7c5c09ae,pastries,Chocolate Cake,Rich and decadent slice.,images/chocolatecake.jpg,,,Regular,,85,,
68813a7a8d06032e7c5c09af,meals,Bacon & Egg Sandwich,Toasted sandwich with crispy bacon and egg.,images/baconandegg.jpg,,,Regular,,120,,
68813a7a8d06032e7c5c09b0,meals,Garlic Tuna Pasta,Light pasta tossed in garlic oil with tuna.,images/garlictuna.jpg,,,Regular,,140,,
